{"_id":"8c77c3d6-a306-4614-9699-db7dab2fae0a_AppSrv01_8d5aad5e-6fbd-4b7d-8114-b988a8e1aa30_ModResorts.ear_json","_rev":"1-2d47f13ed53af46bddfb8135622b618d","report":"technology","version":"2.3","productVersion":"24.0.0.2","productRelease":"24.0.0.2","buildID":"v20240430_2333","options":["--baseEdition","--coreEdition","--includeHelpLocation","--liberty","--ndEdition","--traditional","--zosEdition","--excludePackages\u003dch.qos,com.cloudant,com.cognos,com.fasterxml,com.filenet,com.ibatis,com.ibm,com.informix,com.lowagie,com.mchange,com.meterware,com.microsoft,com.mongodb,com.mysql,com.sun,com.sybase,filenet,freemarker,groovy,jakarta,java,javax,net,oracle,org,sqlj,sun,twitter4j,_ibmjsp"],"applications":[{"application":"/opt/IBM/WebSphere/AppServer/profiles/AppSrv01/config/cells/demo-data-vm1Node01Cell/applications/ModResorts.ear/ModResorts.ear","summary":{"openLiberty":true,"libertyCore":true,"liberty":true,"websphereTraditional":true,"ndLiberty":true,"ndTraditional":true,"zosLiberty":true,"zosTraditional":true},"technologies":[{"technology":"Java Servlet","openLiberty":true,"libertyCore":true,"liberty":true,"websphereTraditional":true,"ndLiberty":true,"ndTraditional":true,"zosLiberty":true,"zosTraditional":true},{"technology":"JavaServer Pages / Expression Language (JSP/EL)","openLiberty":true,"libertyCore":true,"liberty":true,"websphereTraditional":true,"ndLiberty":true,"ndTraditional":true,"zosLiberty":true,"zosTraditional":true},{"technology":"Dependency Injection for Java","openLiberty":true,"libertyCore":true,"liberty":true,"websphereTraditional":true,"ndLiberty":true,"ndTraditional":true,"zosLiberty":true,"zosTraditional":true},{"technology":"Enterprise JavaBeans (EJB) Lite subset","openLiberty":true,"libertyCore":true,"liberty":true,"websphereTraditional":true,"ndLiberty":true,"ndTraditional":true,"zosLiberty":true,"zosTraditional":true},{"technology":"Java Database Connectivity (JDBC)","openLiberty":true,"libertyCore":true,"liberty":true,"websphereTraditional":true,"ndLiberty":true,"ndTraditional":true,"zosLiberty":true,"zosTraditional":true},{"technology":"Java Management Extensions (JMX)","openLiberty":true,"libertyCore":true,"liberty":true,"websphereTraditional":true,"ndLiberty":true,"ndTraditional":true,"zosLiberty":true,"zosTraditional":true}],"incompleteReportErrors":[],"footnotes":[]}],"overallSummary":{"openLiberty":true,"libertyCore":true,"liberty":true,"websphereTraditional":true,"ndLiberty":true,"ndTraditional":true,"zosLiberty":true,"zosTraditional":true},"name":"ModResorts.ear.eval","type":"json","tenantId":"8d5aad5e-6fbd-4b7d-8114-b988a8e1aa30","taskname":"8c77c3d6-a306-4614-9699-db7dab2fae0a","created":1714663570456,"profileName":"AppSrv01","applicationName":"ModResorts.ear","id":"8c77c3d6-a306-4614-9699-db7dab2fae0a_AppSrv01_8d5aad5e-6fbd-4b7d-8114-b988a8e1aa30_ModResorts.ear_json"}