{
   "report": "analysis",
   "version": "1.4",
   "productVersion": "24.0.0.2",
   "productRelease": "24.0.0.2",
   "buildID": "v20240430_2333",
   "options": [
      "--sourceAppServer=was90",
      "--sourceJava=ibm8",
      "--sourceJavaEE=ee7",
      "--targetAppServer=liberty",
      "--targetJava=ibm8",
      "--targetCloud=containers",
      "--includeHelpLocation",
      "--maxUserDefinedRuleResults=100",
      "--userRuleLocation=/root/datacollector/transformationadvisor-3.10.0/bin/../conf/userDefinedRules",
      "--excludePackages=ch.qos,com.cloudant,com.cognos,com.fasterxml,com.filenet,com.ibatis,com.ibm,com.informix,com.lowagie,com.mchange,com.meterware,com.microsoft,com.mongodb,com.mysql,com.sun,com.sybase,filenet,freemarker,groovy,jakarta,java,javax,net,oracle,org,sqlj,sun,twitter4j,_ibmjsp"
   ],
   "totalRulesFlagged": 1,
   "filesAffected": 1,
   "totalResults": 1,
   "severitySummary": [
      {
         "severity": "Information",
         "severityId": "info",
         "totalRulesFlagged": 1,
         "totalResults": 1,
         "totalRulesFlaggedWithAutomatedFix": 0,
         "totalResultsWithAutomatedFix": 0
      }
   ],
   "applications": [
      "/opt/IBM/WebSphere/AppServer/profiles/AppSrv01/config/cells/demo-data-vm1Node01Cell/applications/BinScan.ear/BinScan.ear"
   ],
   "rules": [
      {
         "ruleName": "The InitialContext lookup method can return primitive types",
         "ruleId": "DetectLookupMethod",
         "ruleHelpLocation": "/ruleinfo/appconversion/was2liberty/DetectLookupMethod.html",
         "devCost": "0",
         "instanceCost": "0",
         "severity": "Information",
         "severityId": "info",
         "recipe": null,
         "alternativeRecipes": [
         ],
         "category": "WebSphere traditional to Liberty",
         "categoryId": "appconversion.was2liberty.category",
         "totalResults": 1,
         "results": [
            {
               "fileName": "BinScan.ear/bin-scan-debug-1.0.0.war/WEB-INF/lib/app-config-util-1.0.0.jar/com/acme/trading/config/AppConfigUtil.class",
               "details": [
                  {
                     "reference": "Method getMaxUserConnections",
                     "match": "javax.naming.InitialContext.lookup(*)",
                     "lineNumber": 25
                  }
               ]
            }
         ]
      }
   ]
}