{
   "report": "analysis",
   "version": "1.4",
   "productVersion": "24.0.0.2",
   "productRelease": "24.0.0.2",
   "buildID": "v20240430_2333",
   "options": [
      "--sourceAppServer=was90",
      "--sourceJava=ibm8",
      "--sourceJavaEE=ee7",
      "--targetAppServer=openLiberty",
      "--targetJava=ibm8",
      "--targetJavaEE=ee7",
      "--targetCloud=containers",
      "--includeHelpLocation",
      "--maxUserDefinedRuleResults=100",
      "--userRuleLocation=/root/datacollector/transformationadvisor-3.10.0/bin/../conf/userDefinedRules",
      "--excludePackages=ch.qos,com.cloudant,com.cognos,com.fasterxml,com.filenet,com.ibatis,com.ibm,com.informix,com.lowagie,com.mchange,com.meterware,com.microsoft,com.mongodb,com.mysql,com.sun,com.sybase,filenet,freemarker,groovy,jakarta,java,javax,net,oracle,org,sqlj,sun,twitter4j,_ibmjsp"
   ],
   "totalRulesFlagged": 7,
   "filesAffected": 14,
   "totalResults": 51,
   "severitySummary": [
      {
         "severity": "Critical",
         "severityId": "severe",
         "totalRulesFlagged": 1,
         "totalResults": 6,
         "totalRulesFlaggedWithAutomatedFix": 0,
         "totalResultsWithAutomatedFix": 0
      },
      {
         "severity": "Warning",
         "severityId": "warning",
         "totalRulesFlagged": 1,
         "totalResults": 33,
         "totalRulesFlaggedWithAutomatedFix": 0,
         "totalResultsWithAutomatedFix": 0
      },
      {
         "severity": "Information",
         "severityId": "info",
         "totalRulesFlagged": 5,
         "totalResults": 12,
         "totalRulesFlaggedWithAutomatedFix": 0,
         "totalResultsWithAutomatedFix": 0
      }
   ],
   "applications": [
      "/opt/IBM/WebSphere/AppServer/profiles/AppSrv01/config/cells/demo-data-vm1Node01Cell/applications/CostCenter.ear/CostCenter.ear"
   ],
   "rules": [
      {
         "ruleName": "Application contains WSDL2Java generated classes",
         "ruleId": "WebSphereWebServicesGeneratedClassesRule",
         "ruleHelpLocation": "/ruleinfo/appconversion/was2liberty/WebSphereUnavailableAPIsWebServicesGeneratedClasses.html",
         "devCost": "0",
         "instanceCost": "0",
         "severity": "Information",
         "severityId": "info",
         "recipe": null,
         "alternativeRecipes": [
         ],
         "category": "WebSphere traditional to Liberty",
         "categoryId": "appconversion.was2liberty.category",
         "totalResults": 6,
         "results": [
            {
               "fileName": "CostCenter.ear/cost-center-app-1.0.0.war/WEB-INF/classes/com/acme/hr/CostCenterBindingStub.class",
               "details": [
                  {
                     "reference": "Constructor",
                     "match": "com.ibm.ws.webservices.engine",
                     "lineNumber": 19
                  }
               ]
            },
            {
               "fileName": "CostCenter.ear/cost-center-app-1.0.0.war/WEB-INF/classes/com/acme/hr/CostCenterInformation.class",
               "details": [
                  {
                     "reference": "Class implements",
                     "match": "com.ibm.ws.webservices.multiprotocol",
                     "lineNumber": 0
                  }
               ]
            },
            {
               "fileName": "CostCenter.ear/cost-center-app-1.0.0.war/WEB-INF/classes/com/acme/hr/CostCenterLocator.class",
               "details": [
                  {
                     "reference": "Class implements",
                     "match": "com.ibm.ws.webservices.multiprotocol",
                     "lineNumber": 0
                  }
               ]
            },
            {
               "fileName": "CostCenter.ear/cost-center-app-1.0.0.war/WEB-INF/classes/com/acme/hr/Person_Deser.class",
               "details": [
                  {
                     "reference": "Constructor",
                     "match": "com.ibm.ws.webservices.engine.description",
                     "lineNumber": 19
                  }
               ]
            },
            {
               "fileName": "CostCenter.ear/cost-center-app-1.0.0.war/WEB-INF/classes/com/acme/hr/Person_Helper.class",
               "details": [
                  {
                     "reference": "Field typeDesc",
                     "match": "com.ibm.ws.webservices.engine.description",
                     "lineNumber": 0
                  }
               ]
            },
            {
               "fileName": "CostCenter.ear/cost-center-app-1.0.0.war/WEB-INF/classes/com/acme/hr/Person_Ser.class",
               "details": [
                  {
                     "reference": "Constructor",
                     "match": "com.ibm.ws.webservices.engine.description",
                     "lineNumber": 19
                  }
               ]
            }
         ],
         "referencedClasses": [
            {
               "class": "com.ibm.ws.webservices.engine.MessageContext",
               "total": 17
            },
            {
               "class": "com.ibm.ws.webservices.engine.NoEndPointException",
               "total": 2
            },
            {
               "class": "com.ibm.ws.webservices.engine.WebServicesEngine",
               "total": 4
            },
            {
               "class": "com.ibm.ws.webservices.engine.WebServicesFault",
               "total": 7
            },
            {
               "class": "com.ibm.ws.webservices.engine.client.Connection",
               "total": 4
            },
            {
               "class": "com.ibm.ws.webservices.engine.client.Service",
               "total": 6
            },
            {
               "class": "com.ibm.ws.webservices.engine.client.Stub",
               "total": 22
            },
            {
               "class": "com.ibm.ws.webservices.engine.client.Stub$Invoke",
               "total": 5
            },
            {
               "class": "com.ibm.ws.webservices.engine.description.ElementDesc",
               "total": 6
            },
            {
               "class": "com.ibm.ws.webservices.engine.description.FaultDesc",
               "total": 6
            },
            {
               "class": "com.ibm.ws.webservices.engine.description.FieldDesc",
               "total": 13
            },
            {
               "class": "com.ibm.ws.webservices.engine.description.OperationDesc",
               "total": 40
            },
            {
               "class": "com.ibm.ws.webservices.engine.description.ParameterDesc",
               "total": 26
            },
            {
               "class": "com.ibm.ws.webservices.engine.description.TypeDesc",
               "total": 22
            },
            {
               "class": "com.ibm.ws.webservices.engine.encoding.Deserializer",
               "total": 1
            },
            {
               "class": "com.ibm.ws.webservices.engine.encoding.DeserializerFactory",
               "total": 3
            },
            {
               "class": "com.ibm.ws.webservices.engine.encoding.SerializationContext",
               "total": 14
            },
            {
               "class": "com.ibm.ws.webservices.engine.encoding.Serializer",
               "total": 1
            },
            {
               "class": "com.ibm.ws.webservices.engine.encoding.SerializerFactory",
               "total": 3
            },
            {
               "class": "com.ibm.ws.webservices.engine.encoding.TypeMapping",
               "total": 1
            },
            {
               "class": "com.ibm.ws.webservices.engine.encoding.ser.BaseDeserializerFactory",
               "total": 2
            },
            {
               "class": "com.ibm.ws.webservices.engine.encoding.ser.BaseSerializerFactory",
               "total": 2
            },
            {
               "class": "com.ibm.ws.webservices.engine.encoding.ser.BeanDeserializer",
               "total": 1
            },
            {
               "class": "com.ibm.ws.webservices.engine.encoding.ser.BeanDeserializerFactory",
               "total": 1
            },
            {
               "class": "com.ibm.ws.webservices.engine.encoding.ser.BeanSerializer",
               "total": 1
            },
            {
               "class": "com.ibm.ws.webservices.engine.encoding.ser.BeanSerializerFactory",
               "total": 1
            },
            {
               "class": "com.ibm.ws.webservices.engine.encoding.ser.SimpleDeserializer",
               "total": 1
            },
            {
               "class": "com.ibm.ws.webservices.engine.encoding.ser.SimpleDeserializerFactory",
               "total": 1
            },
            {
               "class": "com.ibm.ws.webservices.engine.encoding.ser.SimpleSerializerFactory",
               "total": 1
            },
            {
               "class": "com.ibm.ws.webservices.engine.enumtype.Style",
               "total": 6
            },
            {
               "class": "com.ibm.ws.webservices.engine.enumtype.Use",
               "total": 3
            },
            {
               "class": "com.ibm.ws.webservices.engine.utils.QNameTable",
               "total": 40
            },
            {
               "class": "com.ibm.ws.webservices.engine.xmlsoap.ext.ParamValue",
               "total": 4
            },
            {
               "class": "com.ibm.ws.webservices.multiprotocol.AgnosticService",
               "total": 2
            },
            {
               "class": "com.ibm.ws.webservices.multiprotocol.GeneratedService",
               "total": 1
            },
            {
               "class": "com.ibm.ws.webservices.multiprotocol.ServiceContext",
               "total": 10
            },
            {
               "class": "com.ibm.ws.webservices.multiprotocol.ServiceInformation",
               "total": 1
            }
         ]
      },
      {
         "ruleName": "Databases",
         "ruleId": "DatabasesRule",
         "ruleHelpLocation": "/ruleinfo/appmigration/cloud/Databases.html",
         "devCost": "0",
         "instanceCost": "0",
         "severity": "Information",
         "severityId": "info",
         "recipe": null,
         "alternativeRecipes": [
         ],
         "category": "Technology connectivity considerations for IBM Cloud",
         "categoryId": "appconversion.cloud.category.technology.connectivity",
         "totalResults": 1,
         "results": [
            {
               "fileName": "CostCenter.ear/cost-center-app-1.0.0.war/WEB-INF/classes/com/acme/hr/db/CostCenterCustomerInformation.class",
               "details": [
                  {
                     "reference": "Field dataSource",
                     "match": "javax.sql",
                     "lineNumber": 0
                  }
               ]
            }
         ],
         "referencedClasses": [
            {
               "class": "java.sql.Connection",
               "total": 6
            },
            {
               "class": "java.sql.PreparedStatement",
               "total": 6
            },
            {
               "class": "java.sql.ResultSet",
               "total": 7
            },
            {
               "class": "java.sql.SQLException",
               "total": 12
            },
            {
               "class": "javax.sql.DataSource",
               "total": 3
            }
         ]
      },
      {
         "ruleName": "JAX-RPC - Valid candidate for JAX-RPC Conversion Tool",
         "ruleId": "DetectJAXRPCPrevalidated",
         "ruleHelpLocation": "/help/java/DetectJAXRPCPrevalidated.html",
         "devCost": "1",
         "instanceCost": "0",
         "severity": "Warning",
         "severityId": "warning",
         "recipe": null,
         "alternativeRecipes": [
         ],
         "category": "Java Technology Support for Liberty",
         "categoryId": "com.ibm.rrd.liberty.rules.liberty.profile.technology.ruleset",
         "totalResults": 33,
         "results": [
            {
               "fileName": "CostCenter.ear/cost-center-app-1.0.0.war/WEB-INF/classes/com/acme/hr/CostCenter.class",
               "details": [
                  {
                     "reference": "Class implements",
                     "match": "javax.xml.rpc",
                     "lineNumber": 0
                  },
                  {
                     "reference": "Method getCostCenter - Throws exception",
                     "match": "javax.xml.rpc",
                     "lineNumber": 0
                  }
               ]
            },
            {
               "fileName": "CostCenter.ear/cost-center-app-1.0.0.war/WEB-INF/classes/com/acme/hr/CostCenterBindingStub.class",
               "details": [
                  {
                     "reference": "Constructor",
                     "match": "javax.xml.rpc",
                     "lineNumber": 14
                  },
                  {
                     "reference": "Constructor",
                     "match": "javax.xml.rpc",
                     "lineNumber": 17
                  },
                  {
                     "reference": "Constructor",
                     "match": "javax.xml.rpc",
                     "lineNumber": 19
                  },
                  {
                     "reference": "Constructor",
                     "match": "javax.xml.rpc",
                     "lineNumber": 27
                  },
                  {
                     "reference": "Constructor - Method parameter",
                     "match": "javax.xml.rpc",
                     "lineNumber": 0
                  },
                  {
                     "reference": "Method initTypeMapping",
                     "match": "javax.xml.rpc.encoding",
                     "lineNumber": 43
                  },
                  {
                     "reference": "Method initTypeMapping",
                     "match": "javax.xml.rpc.encoding",
                     "lineNumber": 52
                  },
                  {
                     "reference": "Method initTypeMapping",
                     "match": "javax.xml.rpc.encoding",
                     "lineNumber": 55
                  }
               ]
            },
            {
               "fileName": "CostCenter.ear/cost-center-app-1.0.0.war/WEB-INF/classes/com/acme/hr/CostCenterLocator.class",
               "details": [
                  {
                     "reference": "Method getCalls",
                     "match": "javax.xml.rpc",
                     "lineNumber": 150
                  },
                  {
                     "reference": "Method getCalls",
                     "match": "javax.xml.rpc",
                     "lineNumber": 153
                  },
                  {
                     "reference": "Method getCalls",
                     "match": "javax.xml.rpc",
                     "lineNumber": 154
                  },
                  {
                     "reference": "Method getCalls",
                     "match": "javax.xml.rpc",
                     "lineNumber": 158
                  },
                  {
                     "reference": "Method getCalls - Method return type",
                     "match": "javax.xml.rpc",
                     "lineNumber": 0
                  },
                  {
                     "reference": "Method getCalls - Throws exception",
                     "match": "javax.xml.rpc",
                     "lineNumber": 0
                  },
                  {
                     "reference": "Method getCostCenter",
                     "match": "javax.xml.rpc",
                     "lineNumber": 68
                  },
                  {
                     "reference": "Method getCostCenter - Throws exception",
                     "match": "javax.xml.rpc",
                     "lineNumber": 0
                  },
                  {
                     "reference": "Method getPort",
                     "match": "javax.xml.rpc",
                     "lineNumber": 92
                  },
                  {
                     "reference": "Method getPort",
                     "match": "javax.xml.rpc",
                     "lineNumber": 94
                  },
                  {
                     "reference": "Method getPort",
                     "match": "javax.xml.rpc",
                     "lineNumber": 108
                  },
                  {
                     "reference": "Method getPort - Throws exception",
                     "match": "javax.xml.rpc",
                     "lineNumber": 0
                  }
               ]
            },
            {
               "fileName": "CostCenter.ear/cost-center-app-1.0.0.war/WEB-INF/classes/com/acme/hr/CostCenterLookupServlet.class",
               "details": [
                  {
                     "reference": "Method createProxy",
                     "match": "javax.xml.rpc",
                     "lineNumber": 41
                  },
                  {
                     "reference": "Method createProxy",
                     "match": "javax.xml.rpc",
                     "lineNumber": 43
                  },
                  {
                     "reference": "Method createProxy",
                     "match": "javax.xml.rpc",
                     "lineNumber": 44
                  },
                  {
                     "reference": "Method createProxy - Catch exception",
                     "match": "javax.xml.rpc",
                     "lineNumber": 0
                  },
                  {
                     "reference": "Method createProxy - Method return type",
                     "match": "javax.xml.rpc",
                     "lineNumber": 0
                  },
                  {
                     "reference": "Method doGet",
                     "match": "javax.xml.rpc",
                     "lineNumber": 27
                  },
                  {
                     "reference": "Method doGet",
                     "match": "javax.xml.rpc",
                     "lineNumber": 33
                  }
               ]
            },
            {
               "fileName": "CostCenter.ear/cost-center-app-1.0.0.war/WEB-INF/ibm-webservicesclient-bnd.xmi",
               "details": [
                  {
                     "reference": null,
                     "match": ".*/ibm-webservices(client)?-(ext|bnd)\\.xmi$",
                     "lineNumber": 0
                  }
               ]
            },
            {
               "fileName": "CostCenter.ear/cost-center-app-1.0.0.war/WEB-INF/ibm-webservicesclient-ext.xmi",
               "details": [
                  {
                     "reference": null,
                     "match": ".*/ibm-webservices(client)?-(ext|bnd)\\.xmi$",
                     "lineNumber": 0
                  }
               ]
            },
            {
               "fileName": "CostCenter.ear/cost-center-app-1.0.0.war/WEB-INF/web.xml",
               "details": [
                  {
                     "reference": null,
                     "match": "jaxrpc-mapping-file",
                     "lineNumber": 55
                  }
               ]
            },
            {
               "fileName": "CostCenter.ear/cost-center-app-1.0.0.war/WEB-INF/webservices.xml",
               "details": [
                  {
                     "reference": null,
                     "match": "jaxrpc-mapping-file",
                     "lineNumber": 6
                  }
               ]
            }
         ],
         "referencedClasses": [
            {
               "class": "javax.xml.rpc.Call",
               "total": 3
            },
            {
               "class": "javax.xml.rpc.Service",
               "total": 6
            },
            {
               "class": "javax.xml.rpc.ServiceException",
               "total": 20
            },
            {
               "class": "javax.xml.rpc.Stub",
               "total": 5
            },
            {
               "class": "javax.xml.rpc.encoding.DeserializerFactory",
               "total": 2
            },
            {
               "class": "javax.xml.rpc.encoding.SerializerFactory",
               "total": 2
            },
            {
               "class": "javax.xml.rpc.encoding.TypeMapping",
               "total": 3
            }
         ]
      },
      {
         "ruleName": "Java EE security",
         "ruleId": "ApplicationSecurityRule",
         "ruleHelpLocation": "/ruleinfo/appmigration/cloud/ApplicationSecurity.html",
         "devCost": "0",
         "instanceCost": "0",
         "severity": "Information",
         "severityId": "info",
         "recipe": null,
         "alternativeRecipes": [
         ],
         "category": "Technology connectivity considerations for IBM Cloud",
         "categoryId": "appconversion.cloud.category.technology.connectivity",
         "totalResults": 1,
         "results": [
            {
               "fileName": "CostCenter.ear/cost-center-app-1.0.0.war/WEB-INF/web.xml",
               "details": [
                  {
                     "reference": null,
                     "match": "security-constraint",
                     "lineNumber": 26
                  }
               ]
            }
         ]
      },
      {
         "ruleName": "Remote web services",
         "ruleId": "RemoteWebServicesRule",
         "ruleHelpLocation": "/ruleinfo/appmigration/cloud/RemoteWebServices.html",
         "devCost": "0",
         "instanceCost": "0",
         "severity": "Information",
         "severityId": "info",
         "recipe": null,
         "alternativeRecipes": [
         ],
         "category": "Technology connectivity considerations for IBM Cloud",
         "categoryId": "appconversion.cloud.category.technology.connectivity",
         "totalResults": 1,
         "results": [
            {
               "fileName": "CostCenter.ear/cost-center-app-1.0.0.war/WEB-INF/web.xml",
               "details": [
                  {
                     "reference": null,
                     "match": "service-ref",
                     "lineNumber": 50
                  }
               ]
            }
         ]
      },
      {
         "ruleName": "The WebSphere web services APIs and SPIs for JAX-RPC are unavailable",
         "ruleId": "WebSphereUnavailableAPIsWebServicesJAXRPC",
         "ruleHelpLocation": "/ruleinfo/appconversion/was2liberty/WebSphereUnavailableAPIsWebServicesJAXRPC.html",
         "devCost": "1",
         "instanceCost": "0",
         "severity": "Critical",
         "severityId": "severe",
         "recipe": null,
         "alternativeRecipes": [
         ],
         "category": "WebSphere traditional to Liberty",
         "categoryId": "appconversion.was2liberty.category",
         "totalResults": 6,
         "results": [
            {
               "fileName": "CostCenter.ear/cost-center-app-1.0.0.war/WEB-INF/classes/com/acme/hr/CostCenterBindingStub.class",
               "details": [
                  {
                     "reference": "Constructor",
                     "match": "com.ibm.ws.webservices.engine",
                     "lineNumber": 19
                  }
               ]
            },
            {
               "fileName": "CostCenter.ear/cost-center-app-1.0.0.war/WEB-INF/classes/com/acme/hr/CostCenterInformation.class",
               "details": [
                  {
                     "reference": "Class implements",
                     "match": "com.ibm.ws.webservices.multiprotocol",
                     "lineNumber": 0
                  }
               ]
            },
            {
               "fileName": "CostCenter.ear/cost-center-app-1.0.0.war/WEB-INF/classes/com/acme/hr/CostCenterLocator.class",
               "details": [
                  {
                     "reference": "Class implements",
                     "match": "com.ibm.ws.webservices.multiprotocol",
                     "lineNumber": 0
                  }
               ]
            },
            {
               "fileName": "CostCenter.ear/cost-center-app-1.0.0.war/WEB-INF/classes/com/acme/hr/Person_Deser.class",
               "details": [
                  {
                     "reference": "Constructor",
                     "match": "com.ibm.ws.webservices.engine.description",
                     "lineNumber": 19
                  }
               ]
            },
            {
               "fileName": "CostCenter.ear/cost-center-app-1.0.0.war/WEB-INF/classes/com/acme/hr/Person_Helper.class",
               "details": [
                  {
                     "reference": "Field typeDesc",
                     "match": "com.ibm.ws.webservices.engine.description",
                     "lineNumber": 0
                  }
               ]
            },
            {
               "fileName": "CostCenter.ear/cost-center-app-1.0.0.war/WEB-INF/classes/com/acme/hr/Person_Ser.class",
               "details": [
                  {
                     "reference": "Constructor",
                     "match": "com.ibm.ws.webservices.engine.description",
                     "lineNumber": 19
                  }
               ]
            }
         ],
         "referencedClasses": [
            {
               "class": "com.ibm.ws.webservices.engine.MessageContext",
               "total": 17
            },
            {
               "class": "com.ibm.ws.webservices.engine.NoEndPointException",
               "total": 2
            },
            {
               "class": "com.ibm.ws.webservices.engine.WebServicesEngine",
               "total": 4
            },
            {
               "class": "com.ibm.ws.webservices.engine.WebServicesFault",
               "total": 7
            },
            {
               "class": "com.ibm.ws.webservices.engine.client.Connection",
               "total": 4
            },
            {
               "class": "com.ibm.ws.webservices.engine.client.Service",
               "total": 6
            },
            {
               "class": "com.ibm.ws.webservices.engine.client.Stub",
               "total": 22
            },
            {
               "class": "com.ibm.ws.webservices.engine.client.Stub$Invoke",
               "total": 5
            },
            {
               "class": "com.ibm.ws.webservices.engine.description.ElementDesc",
               "total": 6
            },
            {
               "class": "com.ibm.ws.webservices.engine.description.FaultDesc",
               "total": 6
            },
            {
               "class": "com.ibm.ws.webservices.engine.description.FieldDesc",
               "total": 13
            },
            {
               "class": "com.ibm.ws.webservices.engine.description.OperationDesc",
               "total": 40
            },
            {
               "class": "com.ibm.ws.webservices.engine.description.ParameterDesc",
               "total": 26
            },
            {
               "class": "com.ibm.ws.webservices.engine.description.TypeDesc",
               "total": 22
            },
            {
               "class": "com.ibm.ws.webservices.engine.encoding.Deserializer",
               "total": 1
            },
            {
               "class": "com.ibm.ws.webservices.engine.encoding.DeserializerFactory",
               "total": 3
            },
            {
               "class": "com.ibm.ws.webservices.engine.encoding.SerializationContext",
               "total": 14
            },
            {
               "class": "com.ibm.ws.webservices.engine.encoding.Serializer",
               "total": 1
            },
            {
               "class": "com.ibm.ws.webservices.engine.encoding.SerializerFactory",
               "total": 3
            },
            {
               "class": "com.ibm.ws.webservices.engine.encoding.TypeMapping",
               "total": 1
            },
            {
               "class": "com.ibm.ws.webservices.engine.encoding.ser.BaseDeserializerFactory",
               "total": 2
            },
            {
               "class": "com.ibm.ws.webservices.engine.encoding.ser.BaseSerializerFactory",
               "total": 2
            },
            {
               "class": "com.ibm.ws.webservices.engine.encoding.ser.BeanDeserializer",
               "total": 1
            },
            {
               "class": "com.ibm.ws.webservices.engine.encoding.ser.BeanDeserializerFactory",
               "total": 1
            },
            {
               "class": "com.ibm.ws.webservices.engine.encoding.ser.BeanSerializer",
               "total": 1
            },
            {
               "class": "com.ibm.ws.webservices.engine.encoding.ser.BeanSerializerFactory",
               "total": 1
            },
            {
               "class": "com.ibm.ws.webservices.engine.encoding.ser.SimpleDeserializer",
               "total": 1
            },
            {
               "class": "com.ibm.ws.webservices.engine.encoding.ser.SimpleDeserializerFactory",
               "total": 1
            },
            {
               "class": "com.ibm.ws.webservices.engine.encoding.ser.SimpleSerializerFactory",
               "total": 1
            },
            {
               "class": "com.ibm.ws.webservices.engine.enumtype.Style",
               "total": 6
            },
            {
               "class": "com.ibm.ws.webservices.engine.enumtype.Use",
               "total": 3
            },
            {
               "class": "com.ibm.ws.webservices.engine.utils.QNameTable",
               "total": 40
            },
            {
               "class": "com.ibm.ws.webservices.engine.xmlsoap.ext.ParamValue",
               "total": 4
            },
            {
               "class": "com.ibm.ws.webservices.multiprotocol.AgnosticService",
               "total": 2
            },
            {
               "class": "com.ibm.ws.webservices.multiprotocol.GeneratedService",
               "total": 1
            },
            {
               "class": "com.ibm.ws.webservices.multiprotocol.ServiceContext",
               "total": 10
            },
            {
               "class": "com.ibm.ws.webservices.multiprotocol.ServiceInformation",
               "total": 1
            }
         ]
      },
      {
         "ruleName": "Validate the URL host and port for cloud access",
         "ruleId": "URLRuleDockerCloud",
         "ruleHelpLocation": "/ruleinfo/appmigration/cloud/UrlRule.html",
         "devCost": "0",
         "instanceCost": "0",
         "severity": "Information",
         "severityId": "info",
         "recipe": null,
         "alternativeRecipes": [
         ],
         "category": "Connectivity considerations for IBM Cloud (Containers and Virtual machines)",
         "categoryId": "appconversion.cloud.category.connectivity.dockerAndWASOnCloud",
         "totalResults": 3,
         "results": [
            {
               "fileName": "CostCenter.ear/cost-center-app-1.0.0.war",
               "details": [
                  {
                     "reference": "1",
                     "match": "address.location=https://demo-data-vm1.fyre.ibm.com:9443/CostCenter/services/CostCenter",
                     "lineNumber": 0
                  },
                  {
                     "reference": "24",
                     "match": "http://hr.acme.com",
                     "lineNumber": 0
                  },
                  {
                     "reference": "4",
                     "match": "https://demo-data-vm1.fyre.ibm.com:9443/CostCenter/services/CostCenter",
                     "lineNumber": 0
                  }
               ]
            }
         ]
      }
   ]
}