{
   "report": "analysis",
   "version": "1.4",
   "productVersion": "24.0.0.2",
   "productRelease": "24.0.0.2",
   "buildID": "v20240430_2333",
   "options": [
      "--sourceAppServer=was90",
      "--sourceJava=ibm8",
      "--sourceJavaEE=ee7",
      "--targetAppServer=openLiberty",
      "--targetJava=ibm8",
      "--targetJavaEE=ee7",
      "--targetCloud=containers",
      "--includeHelpLocation",
      "--maxUserDefinedRuleResults=100",
      "--userRuleLocation=/root/datacollector/transformationadvisor-3.10.0/bin/../conf/userDefinedRules",
      "--excludePackages=ch.qos,com.cloudant,com.cognos,com.fasterxml,com.filenet,com.ibatis,com.ibm,com.informix,com.lowagie,com.mchange,com.meterware,com.microsoft,com.mongodb,com.mysql,com.sun,com.sybase,filenet,freemarker,groovy,jakarta,java,javax,net,oracle,org,sqlj,sun,twitter4j,_ibmjsp"
   ],
   "totalRulesFlagged": 5,
   "filesAffected": 6,
   "totalResults": 11,
   "severitySummary": [
      {
         "severity": "Critical",
         "severityId": "severe",
         "totalRulesFlagged": 3,
         "totalResults": 9,
         "totalRulesFlaggedWithAutomatedFix": 2,
         "totalResultsWithAutomatedFix": 8
      },
      {
         "severity": "Information",
         "severityId": "info",
         "totalRulesFlagged": 2,
         "totalResults": 2,
         "totalRulesFlaggedWithAutomatedFix": 0,
         "totalResultsWithAutomatedFix": 0
      }
   ],
   "applications": [
      "/opt/IBM/WebSphere/AppServer/profiles/AppSrv01/config/cells/demo-data-vm1Node01Cell/applications/gold-tax.ear/gold-tax.ear"
   ],
   "rules": [
      {
         "ruleName": "Databases",
         "ruleId": "DatabasesRule",
         "ruleHelpLocation": "/ruleinfo/appmigration/cloud/Databases.html",
         "devCost": "0",
         "instanceCost": "0",
         "severity": "Information",
         "severityId": "info",
         "recipe": null,
         "alternativeRecipes": [
         ],
         "category": "Technology connectivity considerations for IBM Cloud",
         "categoryId": "appconversion.cloud.category.technology.connectivity",
         "totalResults": 1,
         "results": [
            {
               "fileName": "gold-tax.ear/gold-tax-7.2.0.war/WEB-INF/classes/com/gold/apps/db/GoldTaxCustomerInformation.class",
               "details": [
                  {
                     "reference": "Field dataSource",
                     "match": "javax.sql",
                     "lineNumber": 0
                  }
               ]
            }
         ],
         "referencedClasses": [
            {
               "class": "java.sql.Connection",
               "total": 6
            },
            {
               "class": "java.sql.PreparedStatement",
               "total": 6
            },
            {
               "class": "java.sql.ResultSet",
               "total": 7
            },
            {
               "class": "java.sql.SQLException",
               "total": 12
            },
            {
               "class": "javax.sql.DataSource",
               "total": 3
            }
         ]
      },
      {
         "ruleName": "Getting the server name on Liberty",
         "ruleId": "ServerName",
         "ruleHelpLocation": "/ruleinfo/appconversion/was2liberty/ServerName.html",
         "devCost": "0.1",
         "instanceCost": "0.1",
         "severity": "Critical",
         "severityId": "severe",
         "recipe": "org.openrewrite.java.liberty.ServerName",
         "alternativeRecipes": [
         ],
         "category": "WebSphere traditional to Liberty",
         "categoryId": "appconversion.was2liberty.category",
         "totalResults": 6,
         "results": [
            {
               "fileName": "gold-tax.ear/gold-tax-7.2.0.war/WEB-INF/lib/gold-server-utils-1.0.7.jar/com/gold/utils/EnvDiscovery.class",
               "details": [
                  {
                     "reference": "Method configureEnvDiscovery",
                     "match": "com.ibm.websphere.runtime.ServerName.getDisplayName(*)",
                     "lineNumber": 18
                  },
                  {
                     "reference": "Method configureEnvDiscovery",
                     "match": "com.ibm.websphere.runtime.ServerName.getFullName(*)",
                     "lineNumber": 19
                  }
               ]
            },
            {
               "fileName": "gold-tax.ear/gold-tax-7.2.0.war/WEB-INF/lib/gold-server-utils-1.0.8.jar/com/gold/utils/EnvDiscovery.class",
               "details": [
                  {
                     "reference": "Method configureEnvDiscovery",
                     "match": "com.ibm.websphere.runtime.ServerName.getDisplayName(*)",
                     "lineNumber": 19
                  },
                  {
                     "reference": "Method configureEnvDiscovery",
                     "match": "com.ibm.websphere.runtime.ServerName.getFullName(*)",
                     "lineNumber": 20
                  }
               ]
            },
            {
               "fileName": "gold-tax.ear/gold-tax-7.2.0.war/WEB-INF/lib/server-env-utils-1.0.0.jar/com/acme/env/EnvDiscovery.class",
               "details": [
                  {
                     "reference": "Method configureEnvDiscovery",
                     "match": "com.ibm.websphere.runtime.ServerName.getDisplayName(*)",
                     "lineNumber": 18
                  },
                  {
                     "reference": "Method configureEnvDiscovery",
                     "match": "com.ibm.websphere.runtime.ServerName.getFullName(*)",
                     "lineNumber": 19
                  }
               ]
            }
         ]
      },
      {
         "ruleName": "Java EE security",
         "ruleId": "ApplicationSecurityRule",
         "ruleHelpLocation": "/ruleinfo/appmigration/cloud/ApplicationSecurity.html",
         "devCost": "0",
         "instanceCost": "0",
         "severity": "Information",
         "severityId": "info",
         "recipe": null,
         "alternativeRecipes": [
         ],
         "category": "Technology connectivity considerations for IBM Cloud",
         "categoryId": "appconversion.cloud.category.technology.connectivity",
         "totalResults": 1,
         "results": [
            {
               "fileName": "gold-tax.ear/gold-tax-7.2.0.war/WEB-INF/web.xml",
               "details": [
                  {
                     "reference": null,
                     "match": "security-constraint",
                     "lineNumber": 18
                  }
               ]
            }
         ]
      },
      {
         "ruleName": "Some WebSphere Exception APIs and SPIs are unavailable",
         "ruleId": "WebSphereUnavailableAPIsExceptions",
         "ruleHelpLocation": "/ruleinfo/appconversion/was2liberty/WebSphereUnavailableAPIsExceptions.html",
         "devCost": "1",
         "instanceCost": "0.1",
         "severity": "Critical",
         "severityId": "severe",
         "recipe": null,
         "alternativeRecipes": [
         ],
         "category": "WebSphere traditional to Liberty",
         "categoryId": "appconversion.was2liberty.category",
         "totalResults": 1,
         "results": [
            {
               "fileName": "gold-tax.ear/gold-tax-7.2.0.war/WEB-INF/lib/gold-server-utils-1.0.8.jar/com/gold/utils/EnvDiscovery.class",
               "details": [
                  {
                     "reference": "Method handleException",
                     "match": "com.ibm.ws.exception",
                     "lineNumber": 27
                  }
               ]
            }
         ],
         "referencedClasses": [
            {
               "class": "com.ibm.ws.exception.WsException",
               "total": 2
            }
         ]
      },
      {
         "ruleName": "Use the default InitialContext JNDI properties",
         "ruleId": "RemoveWas2LibertyNonPortableJndiLookup",
         "ruleHelpLocation": "/ruleinfo/appconversion/was2liberty/InitialContext.html",
         "devCost": "1",
         "instanceCost": "0.1",
         "severity": "Critical",
         "severityId": "severe",
         "recipe": "org.openrewrite.java.liberty.RemoveWas2LibertyNonPortableJndiLookup",
         "alternativeRecipes": [
         ],
         "category": "WebSphere traditional to Liberty",
         "categoryId": "appconversion.was2liberty.category",
         "totalResults": 2,
         "results": [
            {
               "fileName": "gold-tax.ear/gold-tax-7.2.0.war/WEB-INF/lib/gold-calc-3.2.0.jar/com/gold/calc/Calc.class",
               "details": [
                  {
                     "reference": "Method configureCalc",
                     "match": "java.util.Hashtable.put(\"java.naming.factory.initial\",\"com.ibm.websphere.naming.WsnInitialContextFactory\")",
                     "lineNumber": 21
                  },
                  {
                     "reference": "Method configureCalc",
                     "match": "java.util.Hashtable.put(\"java.naming.provider.url\",\"corbaloc:iiop:localhost:2809\")",
                     "lineNumber": 22
                  }
               ]
            }
         ]
      }
   ]
}