{
   "report": "analysis",
   "version": "1.4",
   "productVersion": "24.0.0.2",
   "productRelease": "24.0.0.2",
   "buildID": "v20240430_2333",
   "options": [
      "--sourceAppServer=was90",
      "--sourceJava=ibm8",
      "--sourceJavaEE=ee7",
      "--targetAppServer=liberty",
      "--targetJava=ibm8",
      "--targetCloud=containers",
      "--includeHelpLocation",
      "--maxUserDefinedRuleResults=100",
      "--userRuleLocation=/root/datacollector/transformationadvisor-3.10.0/bin/../conf/userDefinedRules",
      "--excludePackages=ch.qos,com.cloudant,com.cognos,com.fasterxml,com.filenet,com.ibatis,com.ibm,com.informix,com.lowagie,com.mchange,com.meterware,com.microsoft,com.mongodb,com.mysql,com.sun,com.sybase,filenet,freemarker,groovy,jakarta,java,javax,net,oracle,org,sqlj,sun,twitter4j,_ibmjsp"
   ],
   "totalRulesFlagged": 3,
   "filesAffected": 5,
   "totalResults": 5,
   "severitySummary": [
      {
         "severity": "Warning",
         "severityId": "warning",
         "totalRulesFlagged": 1,
         "totalResults": 3,
         "totalRulesFlaggedWithAutomatedFix": 0,
         "totalResultsWithAutomatedFix": 0
      },
      {
         "severity": "Information",
         "severityId": "info",
         "totalRulesFlagged": 2,
         "totalResults": 2,
         "totalRulesFlaggedWithAutomatedFix": 0,
         "totalResultsWithAutomatedFix": 0
      }
   ],
   "applications": [
      "/opt/IBM/WebSphere/AppServer/profiles/AppSrv01/config/cells/demo-data-vm1Node01Cell/applications/JaxRpcService.ear/JaxRpcService.ear"
   ],
   "rules": [
      {
         "ruleName": "JAX-RPC - Valid candidate for JAX-RPC Conversion Tool",
         "ruleId": "DetectJAXRPCPrevalidated",
         "ruleHelpLocation": "/help/java/DetectJAXRPCPrevalidated.html",
         "devCost": "1",
         "instanceCost": "0",
         "severity": "Warning",
         "severityId": "warning",
         "recipe": null,
         "alternativeRecipes": [
         ],
         "category": "Java Technology Support for Liberty",
         "categoryId": "com.ibm.rrd.liberty.rules.liberty.profile.technology.ruleset",
         "totalResults": 3,
         "results": [
            {
               "fileName": "JaxRpcService.ear/jax-rpc-test-1.0.0.war/WEB-INF/ibm-webservices-bnd.xmi",
               "details": [
                  {
                     "reference": null,
                     "match": ".*/ibm-webservices(client)?-(ext|bnd)\\.xmi$",
                     "lineNumber": 0
                  }
               ]
            },
            {
               "fileName": "JaxRpcService.ear/jax-rpc-test-1.0.0.war/WEB-INF/ibm-webservices-ext.xmi",
               "details": [
                  {
                     "reference": null,
                     "match": ".*/ibm-webservices(client)?-(ext|bnd)\\.xmi$",
                     "lineNumber": 0
                  }
               ]
            },
            {
               "fileName": "JaxRpcService.ear/jax-rpc-test-1.0.0.war/WEB-INF/webservices.xml",
               "details": [
                  {
                     "reference": null,
                     "match": "jaxrpc-mapping-file",
                     "lineNumber": 6
                  }
               ]
            }
         ]
      },
      {
         "ruleName": "Java EE security",
         "ruleId": "ApplicationSecurityRule",
         "ruleHelpLocation": "/ruleinfo/appmigration/cloud/ApplicationSecurity.html",
         "devCost": "0",
         "instanceCost": "0",
         "severity": "Information",
         "severityId": "info",
         "recipe": null,
         "alternativeRecipes": [
         ],
         "category": "Technology connectivity considerations for IBM Cloud",
         "categoryId": "appconversion.cloud.category.technology.connectivity",
         "totalResults": 1,
         "results": [
            {
               "fileName": "JaxRpcService.ear/jax-rpc-test-1.0.0.war/WEB-INF/web.xml",
               "details": [
                  {
                     "reference": null,
                     "match": "security-constraint",
                     "lineNumber": 18
                  }
               ]
            }
         ]
      },
      {
         "ruleName": "Validate the URL host and port for cloud access",
         "ruleId": "URLRuleDockerCloud",
         "ruleHelpLocation": "/ruleinfo/appmigration/cloud/UrlRule.html",
         "devCost": "0",
         "instanceCost": "0",
         "severity": "Information",
         "severityId": "info",
         "recipe": null,
         "alternativeRecipes": [
         ],
         "category": "Connectivity considerations for IBM Cloud (Containers and Virtual machines)",
         "categoryId": "appconversion.cloud.category.connectivity.dockerAndWASOnCloud",
         "totalResults": 1,
         "results": [
            {
               "fileName": "JaxRpcService.ear/jax-rpc-test-1.0.0.war",
               "details": [
                  {
                     "reference": "1",
                     "match": "address.location=https://demo-data-vm1.fyre.ibm.com:9443/JaxRpcService/services/Calculator",
                     "lineNumber": 0
                  }
               ]
            }
         ]
      }
   ]
}